Number,"Post ID","Product ID",Affiliate,"Product Title",Brand,"Image URL",Description,Price,RRP,Link,Status
"1 of 5914 (0.02%)",12653,5678_3179953883,awin,"ASOS PETITE Exclusive Premium Aztec Embellished Midi Dress - Multi",ASOS,http://images.productserve.com/preview/8/5678/83/38/3179953883.jpg,40.00,120.00,http://www.awin1.com/pclick.php?p=3179953883&a=99908&m=5678,Updated
"2 of 5914 (0.03%)",12630,903000061250,linkshare,"Floral Embroidered Dress",,,,,,"Not Found"
"3 of 5914 (0.05%)",12629,903000060777,linkshare,"Crepe Shift Dress",,,,,,"Not Found"
"4 of 5914 (0.07%)",12625,5678_3246277183,awin,"ASOS PETITE Blouse - Rust",ASOS,http://images.productserve.com/preview/8/5678/83/71/3246277183.jpg,28.00,28.00,http://www.awin1.com/pclick.php?p=3246277183&a=99908&m=5678,Updated
"5 of 5914 (0.08%)",12623,3179954503,awin,"Asos Petite Pleated Midi Culottes – Chartreuse",,,,,,"Not Found"
"6 of 5914 (0.10%)",12622,1496_3212004497,awin,"Printed Crêpe Blouse, Petite Length","La Redoute",http://images.productserve.com/preview/6/1496/97/44/3212004497.jpg,45.00,45.00,http://www.awin1.com/pclick.php?p=3212004497&a=99908&m=1496,Updated
"7 of 5914 (0.12%)",12621,3100_3184867739,awin,"Radley Millibank medium tote bag, Tan","House of Fraser",http://images.productserve.com/preview/0/3100/39/77/3184867739.jpg,179.00,0.00,http://www.awin1.com/pclick.php?p=3184867739&a=99908&m=3100,Updated
"8 of 5914 (0.14%)",12620,3184867727,awin,"Radley De Beauvoir Pink Large Tote Bag, Pink",,,,,,"Not Found"
"9 of 5914 (0.15%)",12619,3100_3184867731,awin,"Radley De beauvoir navy large tote bag, Navy","House of Fraser",http://images.productserve.com/preview/0/3100/31/77/3184867731.jpg,209.00,0.00,http://www.awin1.com/pclick.php?p=3184867731&a=99908&m=3100,Updated
"10 of 5914 (0.17%)",12618,3100_3182895689,awin,"Radley De beauvoir grey large tote bag, Grey","House of Fraser",http://images.productserve.com/preview/0/3100/89/56/3182895689.jpg,209.00,0.00,http://www.awin1.com/pclick.php?p=3182895689&a=99908&m=3100,Updated
"11 of 5914 (0.19%)",12617,3100_3192197395,awin,"Label Lab kiri tote bag, Multi-Coloured","House of Fraser",http://images.productserve.com/preview/0/3100/95/73/3192197395.jpg,32.50,65.00,http://www.awin1.com/pclick.php?p=3192197395&a=99908&m=3100,Updated
"12 of 5914 (0.20%)",12616,3100_3191832625,awin,"Label Lab Kiri tote bag, Cobalt","House of Fraser",http://images.productserve.com/preview/0/3100/25/26/3191832625.jpg,32.50,65.00,http://www.awin1.com/pclick.php?p=3191832625&a=99908&m=3100,Updated
"13 of 5914 (0.22%)",12615,3100_3191409465,awin,"Label Lab Kiri tote bag, Black","House of Fraser",http://images.productserve.com/preview/0/3100/65/94/3191409465.jpg,32.50,65.00,http://www.awin1.com/pclick.php?p=3191409465&a=99908&m=3100,Updated
"14 of 5914 (0.24%)",12614,3096714123,awin,"L.k. Bennett Rosamund Medium Roll Bag, Clay",,,,,,"Not Found"
"15 of 5914 (0.25%)",12613,3100_3220632447,awin,"L.K. Bennett Lizzie lazer cut tote, White","House of Fraser",http://images.productserve.com/preview/0/3100/47/24/3220632447.jpg,325.00,0.00,http://www.awin1.com/pclick.php?p=3220632447&a=99908&m=3100,Updated
"16 of 5914 (0.27%)",12612,3100_3220632441,awin,"L.K. Bennett Lauren tote bag, Grey","House of Fraser",http://images.productserve.com/preview/0/3100/41/24/3220632441.jpg,295.00,0.00,http://www.awin1.com/pclick.php?p=3220632441&a=99908&m=3100,Updated
"17 of 5914 (0.29%)",12611,3100_3220632431,awin,"L.K. Bennett Lauren tote bag, Black","House of Fraser",http://images.productserve.com/preview/0/3100/31/24/3220632431.jpg,295.00,0.00,http://www.awin1.com/pclick.php?p=3220632431&a=99908&m=3100,Updated
"18 of 5914 (0.30%)",12610,3100_3226272653,awin,"L.K. Bennett Kelsey perforated tote bag, Yellow","House of Fraser",http://images.productserve.com/preview/0/3100/53/26/3226272653.jpg,275.00,0.00,http://www.awin1.com/pclick.php?p=3226272653&a=99908&m=3100,Updated
"19 of 5914 (0.32%)",12609,3100_3220632455,awin,"L.K. Bennett Kelsey perforated tote bag, White","House of Fraser",http://images.productserve.com/preview/0/3100/55/24/3220632455.jpg,275.00,0.00,http://www.awin1.com/pclick.php?p=3220632455&a=99908&m=3100,Updated
"20 of 5914 (0.34%)",12608,3192197683,awin,"L.k. Bennett Julia Medium Zipped Tote Bag, Light Pink",,,,,,"Not Found"
"21 of 5914 (0.36%)",12607,3100_3275747485,awin,"CC Palm Leaf Canvas Tote Bag, Black","House of Fraser",http://images.productserve.com/preview/0/3100/85/74/3275747485.jpg,49.90,0.00,http://www.awin1.com/pclick.php?p=3275747485&a=99908&m=3100,Updated
"22 of 5914 (0.37%)",12604,3100_712430456,awin,"Michael Kors Selma tote, Tan","House of Fraser",http://images.productserve.com/preview/0/3100/56/04/712430456.jpg,330.00,0.00,http://www.awin1.com/pclick.php?p=712430456&a=99908&m=3100,Updated
"23 of 5914 (0.39%)",12603,3100_712430458,awin,"Michael Kors Selma orange red tote bag, Red","House of Fraser",http://images.productserve.com/preview/0/3100/58/04/712430458.jpg,315.00,0.00,http://www.awin1.com/pclick.php?p=712430458&a=99908&m=3100,Updated
"24 of 5914 (0.41%)",12602,3100_720825202,awin,"Michael Kors MK5430 Sport stainless steel ladies watch, Rose Gold","House of Fraser",http://images.productserve.com/preview/0/3100/02/52/720825202.jpg,145.00,229.00,http://www.awin1.com/pclick.php?p=720825202&a=99908&m=3100,Updated
"25 of 5914 (0.42%)",12601,3100_722002398,awin,"Michael Kors MK4284 Runway Gold Tortoise Ladies Watch, Tortoiseshell","House of Fraser",http://images.productserve.com/preview/0/3100/98/23/722002398.jpg,229.00,0.00,http://www.awin1.com/pclick.php?p=722002398&a=99908&m=3100,Updated
"26 of 5914 (0.44%)",12600,3100_705084200,awin,"Michael Kors MK2284 Runway Rose Nude Leather Ladies Watch, Nude","House of Fraser",http://images.productserve.com/preview/0/3100/00/42/705084200.jpg,165.00,0.00,http://www.awin1.com/pclick.php?p=705084200&a=99908&m=3100,Updated
"27 of 5914 (0.46%)",12599,3100_703878395,awin,"Michael Kors MK2280 Parker Gold Blue Leather Ladies Watch, Navy","House of Fraser",http://images.productserve.com/preview/0/3100/95/83/703878395.jpg,229.00,0.00,http://www.awin1.com/pclick.php?p=703878395&a=99908&m=3100,Updated
"28 of 5914 (0.47%)",12598,3100_712430430,awin,"Michael Kors Jet set travel medium tote, Brown","House of Fraser",http://images.productserve.com/preview/0/3100/30/04/712430430.jpg,260.00,0.00,http://www.awin1.com/pclick.php?p=712430430&a=99908&m=3100,Updated
"29 of 5914 (0.49%)",12597,3100_712430424,awin,"Michael Kors Jet set travel medium tote bag, Navy","House of Fraser",http://images.productserve.com/preview/0/3100/24/04/712430424.jpg,260.00,0.00,http://www.awin1.com/pclick.php?p=712430424&a=99908&m=3100,Updated
"30 of 5914 (0.51%)",12596,3100_689870625,awin,"Michael Kors Jet set item tote bag, Black","House of Fraser",http://images.productserve.com/preview/0/3100/25/06/689870625.jpg,170.00,0.00,http://www.awin1.com/pclick.php?p=689870625&a=99908&m=3100,Updated
"31 of 5914 (0.52%)",12595,3100_712430412,awin,"Michael Kors Jet set chain tote, Brown","House of Fraser",http://images.productserve.com/preview/0/3100/12/04/712430412.jpg,220.00,0.00,http://www.awin1.com/pclick.php?p=712430412&a=99908&m=3100,Updated
"32 of 5914 (0.54%)",12594,3100_712430410,awin,"Michael Kors Hamilton large tote bag, Brown","House of Fraser",http://images.productserve.com/preview/0/3100/10/04/712430410.jpg,310.00,0.00,http://www.awin1.com/pclick.php?p=712430410&a=99908&m=3100,Updated
"33 of 5914 (0.56%)",12593,3100_702100379,awin,"Michael Kors Hamilton large tote bag, Blue","House of Fraser",http://images.productserve.com/preview/0/3100/79/03/702100379.jpg,310.00,0.00,http://www.awin1.com/pclick.php?p=702100379&a=99908&m=3100,Updated
"34 of 5914 (0.57%)",12592,3100_672678835,awin,"Michael Kors MK5556 Lexington Gold Ladies Bracelet Watch, Gold","House of Fraser",http://images.productserve.com/preview/0/3100/35/88/672678835.jpg,229.00,0.00,http://www.awin1.com/pclick.php?p=672678835&a=99908&m=3100,Updated
"35 of 5914 (0.59%)",12591,3100_673685261,awin,"Michael Kors MK5503 Bradshaw Rose Gold Ladies Watch, Rose Gold","House of Fraser",http://images.productserve.com/preview/0/3100/61/52/673685261.jpg,229.00,0.00,http://www.awin1.com/pclick.php?p=673685261&a=99908&m=3100,Updated
"36 of 5914 (0.61%)",12590,3100_650121125,awin,"Michael Kors MK5057 Ritz Silver and Gold Ladies Watch, Silver","House of Fraser",http://images.productserve.com/preview/0/3100/25/11/650121125.jpg,229.00,0.00,http://www.awin1.com/pclick.php?p=650121125&a=99908&m=3100,Updated
"37 of 5914 (0.63%)",12589,3100_676878379,awin,"Michael Kors MK3192 Darci Rose Gold Ladies Bracelet Watch, Rose Gold","House of Fraser",http://images.productserve.com/preview/0/3100/79/83/676878379.jpg,229.00,0.00,http://www.awin1.com/pclick.php?p=676878379&a=99908&m=3100,Updated
"38 of 5914 (0.64%)",12588,674180039,awin,"Michael Kors Mk3191 Darci Gold Ladies Bracelet Watch, Gold",,,,,,"Not Found"
"39 of 5914 (0.66%)",12587,674180037,awin,"Michael Kors Mk3190 Ladies Metals Watch, Silver",,,,,,"Not Found"
"40 of 5914 (0.68%)",12586,689720141,awin,"Michael Kors Jet Set Travel Small Ziptop Tote Bag, Brown",,,,,,"Not Found"
"41 of 5914 (0.69%)",12585,3100_611909615,awin,"Michael Kors Jet set large ziparound purse, Brown","House of Fraser",http://images.productserve.com/preview/0/3100/15/96/611909615.jpg,125.00,0.00,http://www.awin1.com/pclick.php?p=611909615&a=99908&m=3100,Updated
"42 of 5914 (0.71%)",12584,671399627,awin,"Michael Kors Jet Set Item Monogram Tote, Brown",,,,,,"Not Found"
"43 of 5914 (0.73%)",12583,3100_672390809,awin,"Michael Kors Bedford shoulder bag, Black","House of Fraser",http://images.productserve.com/preview/0/3100/09/08/672390809.jpg,330.00,0.00,http://www.awin1.com/pclick.php?p=672390809&a=99908&m=3100,Updated
"44 of 5914 (0.74%)",12582,3285767191,awin,"Michael Kors 0mk6006 square Sunglasses",,,,,,"Not Found"
"45 of 5914 (0.76%)",12581,3064971043,awin,"Vero Moda Petite Belted Trench Coat - Brown",,,,,,"Not Found"
"46 of 5914 (0.78%)",12580,3177638825,awin,"Petite 28in Blue Authentic Acid Wash Skinny Jeans",,,,,,"Not Found"
"47 of 5914 (0.79%)",12579,3222347697,awin,"Wallis Petite Mint Biker Jacket, Mint",,,,,,"Not Found"
"48 of 5914 (0.81%)",12573,3100_3153163109,awin,"Viyella Petite Floral Crinkle Dress, Indigo","House of Fraser",http://images.productserve.com/preview/0/3100/09/31/3153163109.jpg,119.00,0.00,http://www.awin1.com/pclick.php?p=3153163109&a=99908&m=3100,Updated
"49 of 5914 (0.83%)",12572,3295477195,awin,"Dash Straight Leg Petite Trouser, White",,,,,,"Not Found"
"50 of 5914 (0.85%)",12571,3297011827,awin,"Jacques Vert Petite Blurred Floral Dress, Light Pink",,,,,,"Not Found"
"51 of 5914 (0.86%)",12570,3100_3241069341,awin,"Jacques Vert Petite Corded Lace Dress, Light Pink","House of Fraser",http://images.productserve.com/preview/0/3100/41/93/3241069341.jpg,199.00,0.00,http://www.awin1.com/pclick.php?p=3241069341&a=99908&m=3100,Updated
"52 of 5914 (0.88%)",12569,3100_3301098105,awin,"CC Petite Tailored Shift Dress, Pink","House of Fraser",http://images.productserve.com/preview/0/3100/05/81/3301098105.jpg,159.00,0.00,http://www.awin1.com/pclick.php?p=3301098105&a=99908&m=3100,Updated
"53 of 5914 (0.90%)",12568,3297016311,awin,"Cc Petite Sheer Detail Floral Dress, Multi-coloured",,,,,,"Not Found"
"54 of 5914 (0.91%)",12567,3100_3305783139,awin,"CC Petite Embellished Blouse, Coral","House of Fraser",http://images.productserve.com/preview/0/3100/39/31/3305783139.jpg,99.90,0.00,http://www.awin1.com/pclick.php?p=3305783139&a=99908&m=3100,Updated
"55 of 5914 (0.93%)",12566,3100_3182897631,awin,"CC Petite Midnight Blue Straight Leg Jeans, Navy","House of Fraser",http://images.productserve.com/preview/0/3100/31/76/3182897631.jpg,69.90,0.00,http://www.awin1.com/pclick.php?p=3182897631&a=99908&m=3100,Updated
"56 of 5914 (0.95%)",12565,3100_3204981847,awin,"CC Petite 3/4 Sleeve V Neck Top, Pink","House of Fraser",http://images.productserve.com/preview/0/3100/47/18/3204981847.jpg,29.90,0.00,http://www.awin1.com/pclick.php?p=3204981847&a=99908&m=3100,Updated
"57 of 5914 (0.96%)",12564,3100_3054995575,awin,"CC Petite embroidered square stripe jersey, Natural","House of Fraser",http://images.productserve.com/preview/0/3100/75/55/3054995575.jpg,49.90,0.00,http://www.awin1.com/pclick.php?p=3054995575&a=99908&m=3100,Updated
"58 of 5914 (0.98%)",12563,1831_3239314097,awin,"Womens Wallis Petite Grey Drape Jacket, grey",Bhs,http://images.productserve.com/preview/1/1831/97/40/3239314097.jpg,33.00,0.00,http://www.awin1.com/pclick.php?p=3239314097&a=99908&m=1831,Updated
"59 of 5914 (1.00%)",12562,1831_3244771771,awin,"Womens Wallis Petite Coral Crepe Jacket, coral",Bhs,http://images.productserve.com/preview/1/1831/71/17/3244771771.jpg,33.00,0.00,http://www.awin1.com/pclick.php?p=3244771771&a=99908&m=1831,Updated
"60 of 5914 (1.01%)",12561,1203_3243727409,awin,"Jacques Vert Petite Edge to Edge Jacket, Light Pink","John Lewis",http://images.productserve.com/preview/3/1203/09/74/3243727409.jpg,119.20,119.20,http://www.awin1.com/pclick.php?p=3243727409&a=99908&m=1203,Updated
"61 of 5914 (1.03%)",12560,3100_3305783115,awin,"CC Petite Notch Collar Jacket, Pink","House of Fraser",http://images.productserve.com/preview/0/3100/15/31/3305783115.jpg,159.00,0.00,http://www.awin1.com/pclick.php?p=3305783115&a=99908&m=3100,Updated
"62 of 5914 (1.05%)",12559,3100_3305782955,awin,"CC Petite Cotton Biker Jacket, Stone","House of Fraser",http://images.productserve.com/preview/0/3100/55/29/3305782955.jpg,99.90,0.00,http://www.awin1.com/pclick.php?p=3305782955&a=99908&m=3100,Updated
"63 of 5914 (1.07%)",12555,3100_3217478059,awin,"DKNY Saffiano tan tote bag, Tan","House of Fraser",http://images.productserve.com/preview/0/3100/59/80/3217478059.jpg,190.00,0.00,http://www.awin1.com/pclick.php?p=3217478059&a=99908&m=3100,Updated
"64 of 5914 (1.08%)",12554,3100_3213387425,awin,"DKNY Saffiano tan large double zip tote bag, Tan","House of Fraser",http://images.productserve.com/preview/0/3100/25/74/3213387425.jpg,205.00,0.00,http://www.awin1.com/pclick.php?p=3213387425&a=99908&m=3100,Updated
"65 of 5914 (1.10%)",12553,3100_3207811137,awin,"DKNY Saffiano orange tote bag, Orange","House of Fraser",http://images.productserve.com/preview/0/3100/37/11/3207811137.jpg,205.00,0.00,http://www.awin1.com/pclick.php?p=3207811137&a=99908&m=3100,Updated
"66 of 5914 (1.12%)",12552,3100_3213387433,awin,"DKNY Saffiano neutral tote bag, Neutral","House of Fraser",http://images.productserve.com/preview/0/3100/33/74/3213387433.jpg,190.00,0.00,http://www.awin1.com/pclick.php?p=3213387433&a=99908&m=3100,Updated
"67 of 5914 (1.13%)",12551,3100_3204981771,awin,"DKNY Saffiano neutral tote bag with pocket, Neutral","House of Fraser",http://images.productserve.com/preview/0/3100/71/17/3204981771.jpg,219.00,0.00,http://www.awin1.com/pclick.php?p=3204981771&a=99908&m=3100,Updated
"68 of 5914 (1.15%)",12550,3100_3204981773,awin,"DKNY Saffiano black medium tote bag, Black","House of Fraser",http://images.productserve.com/preview/0/3100/73/17/3204981773.jpg,169.00,0.00,http://www.awin1.com/pclick.php?p=3204981773&a=99908&m=3100,Updated
"69 of 5914 (1.17%)",12549,3100_3213387423,awin,"DKNY Saffiano black large double zip tote bag, Black","House of Fraser",http://images.productserve.com/preview/0/3100/23/74/3213387423.jpg,205.00,0.00,http://www.awin1.com/pclick.php?p=3213387423&a=99908&m=3100,Updated
"70 of 5914 (1.18%)",12548,3100_3213387283,awin,"DKNY Quilted nappa neutral medium tote bag, Neutral","House of Fraser",http://images.productserve.com/preview/0/3100/83/72/3213387283.jpg,205.00,0.00,http://www.awin1.com/pclick.php?p=3213387283&a=99908&m=3100,Updated
"71 of 5914 (1.20%)",12547,3213388037,awin,"Dkny Pebble Black Tote Bag, Black",,,,,,"Not Found"
"72 of 5914 (1.22%)",12546,3207811129,awin,"Dkny Greenwich Tan Tote Bag, Tan",,,,,,"Not Found"
"73 of 5914 (1.23%)",12545,3100_3207811133,awin,"DKNY Greenwich black tote bag, Black","House of Fraser",http://images.productserve.com/preview/0/3100/33/11/3207811133.jpg,215.00,0.00,http://www.awin1.com/pclick.php?p=3207811133&a=99908&m=3100,Updated
"74 of 5914 (1.25%)",12544,3200412489,awin,"Dkny French Grain Neutral Large Chain Cross Body Bag, Neutral",,,,,,"Not Found"
"75 of 5914 (1.27%)",12543,3198675103,awin,"Dkny French Grain Black Large Chain Cross Body Bag, Black",,,,,,"Not Found"
"76 of 5914 (1.29%)",12542,3100_3213388011,awin,"DKNY Embossed patent street tan tote bag, Tan","House of Fraser",http://images.productserve.com/preview/0/3100/11/80/3213388011.jpg,85.00,0.00,http://www.awin1.com/pclick.php?p=3213388011&a=99908&m=3100,Updated
"77 of 5914 (1.30%)",12541,3100_3213388029,awin,"DKNY Embossed patent street black tote bag, Black","House of Fraser",http://images.productserve.com/preview/0/3100/29/80/3213388029.jpg,85.00,0.00,http://www.awin1.com/pclick.php?p=3213388029&a=99908&m=3100,Updated
"78 of 5914 (1.32%)",12540,3100_3204981781,awin,"DKNY Crosby gold tote bag, Gold","House of Fraser",http://images.productserve.com/preview/0/3100/81/17/3204981781.jpg,265.00,0.00,http://www.awin1.com/pclick.php?p=3204981781&a=99908&m=3100,Updated
"79 of 5914 (1.34%)",12539,3213387415,awin,"Dkny Coated Logo Tan Tote Bag, Tan",,,,,,"Not Found"
"80 of 5914 (1.35%)",12538,3213387407,awin,"Dkny Coated Logo Brown Reversible Tote Bag, Brown",,,,,,"Not Found"
"81 of 5914 (1.37%)",12537,3100_3213388017,awin,"DKNY Coated logo black tote bag, Black","House of Fraser",http://images.productserve.com/preview/0/3100/17/80/3213388017.jpg,80.00,0.00,http://www.awin1.com/pclick.php?p=3213388017&a=99908&m=3100,Updated
"82 of 5914 (1.39%)",12536,3100_3213387303,awin,"DKNY Black large scarf tote bag, Black","House of Fraser",http://images.productserve.com/preview/0/3100/03/73/3213387303.jpg,205.00,0.00,http://www.awin1.com/pclick.php?p=3213387303&a=99908&m=3100,Updated
"83 of 5914 (1.40%)",12535,3100_3198675139,awin,"DKNY Tribeca neutral double zip tote bag, Neutral","House of Fraser",http://images.productserve.com/preview/0/3100/39/51/3198675139.jpg,250.00,0.00,http://www.awin1.com/pclick.php?p=3198675139&a=99908&m=3100,Updated
"84 of 5914 (1.42%)",12534,3162724793,awin,"Dkny Saffino Natural Tote Bag, Natural",,,,,,"Not Found"
"85 of 5914 (1.44%)",12533,3100_3162724795,awin,"DKNY Saffino light pink tote bag, Light Pink","House of Fraser",http://images.productserve.com/preview/0/3100/95/47/3162724795.jpg,205.00,0.00,http://www.awin1.com/pclick.php?p=3162724795&a=99908&m=3100,Updated
"86 of 5914 (1.45%)",12532,3100_3160924715,awin,"DKNY Saffiano tan chain tote bag, Tan","House of Fraser",http://images.productserve.com/preview/0/3100/15/47/3160924715.jpg,124.00,155.00,http://www.awin1.com/pclick.php?p=3160924715&a=99908&m=3100,Updated
"87 of 5914 (1.47%)",12531,3202937585,awin,"Dkny Saffiano Pink Medium Tote Bag, Pink",,,,,,"Not Found"
"88 of 5914 (1.49%)",12530,3100_3202937591,awin,"DKNY Saffiano orange medium tote bag, Orange","House of Fraser",http://images.productserve.com/preview/0/3100/91/75/3202937591.jpg,169.00,0.00,http://www.awin1.com/pclick.php?p=3202937591&a=99908&m=3100,Updated
"89 of 5914 (1.50%)",12529,3100_3204981759,awin,"DKNY Saffiano orange large double zip tote bag, Orange","House of Fraser",http://images.productserve.com/preview/0/3100/59/17/3204981759.jpg,245.00,0.00,http://www.awin1.com/pclick.php?p=3204981759&a=99908&m=3100,Updated
"90 of 5914 (1.52%)",12528,3204981763,awin,"Dkny Saffiano Green Medium Double Zip Tote Bag, Green",,,,,,"Not Found"
"91 of 5914 (1.54%)",12527,3100_3160924711,awin,"DKNY Saffiano gold chain tote bag, Gold","House of Fraser",http://images.productserve.com/preview/0/3100/11/47/3160924711.jpg,124.00,155.00,http://www.awin1.com/pclick.php?p=3160924711&a=99908&m=3100,Updated
"92 of 5914 (1.56%)",12526,3100_3202937587,awin,"DKNY Saffiano blue medium tote bag, Blue","House of Fraser",http://images.productserve.com/preview/0/3100/87/75/3202937587.jpg,169.00,0.00,http://www.awin1.com/pclick.php?p=3202937587&a=99908&m=3100,Updated
"93 of 5914 (1.57%)",12512,5678_3182104203,awin,"ASOS PETITE Exclusive Biker Coat in Wool with Pockets - Berry",ASOS,http://images.productserve.com/preview/8/5678/03/42/3182104203.jpg,65.00,65.00,http://www.awin1.com/pclick.php?p=3182104203&a=99908&m=5678,Updated
"94 of 5914 (1.59%)",12511,3233420315,awin,"Asos Petite Cocoon Coat In Textured Wool - Mint",,,,,,"Not Found"
"95 of 5914 (1.61%)",12510,5678_3179953335,awin,"ASOS PETITE Coat with Biker Detail and Contrast Trim",ASOS,http://images.productserve.com/preview/8/5678/35/33/3179953335.jpg,80.00,80.00,http://www.awin1.com/pclick.php?p=3179953335&a=99908&m=5678,Updated
"96 of 5914 (1.62%)",12509,3213134451,awin,"Asos Petite Ultimate Biker Jacket - Black",,,,,,"Not Found"
"97 of 5914 (1.64%)",12508,3299367105,awin,"Asos Petite Exclusive Long Line Duster Jacket - Stone",,,,,,"Not Found"
"98 of 5914 (1.66%)",12507,5678_3184334153,awin,"ASOS PETITE Bomber Jacket with Biker Detail - Black",ASOS,http://images.productserve.com/preview/8/5678/53/41/3184334153.jpg,75.00,75.00,http://www.awin1.com/pclick.php?p=3184334153&a=99908&m=5678,Updated
"99 of 5914 (1.67%)",12506,2292_3188534981,awin,"Spot Jacquard Jacket","Precis Petite",http://images.productserve.com/preview/2/2292/81/49/3188534981.jpg,69.00,149.00,http://www.awin1.com/pclick.php?p=3188534981&a=99908&m=2292,Updated
"100 of 5914 (1.69%)",12505,3200596663,awin,"Womens Petite Waterfall Crepe Jacket- Pink",,,,,,"Not Found"
"101 of 5914 (1.71%)",12504,1134_3200596667,awin,"Womens Petite waterfall crepe jacket- Khaki","Dorothy Perkins",http://images.productserve.com/preview/4/1134/67/66/3200596667.jpg,31.50,45.00,http://www.awin1.com/pclick.php?p=3200596667&a=99908&m=1134,Updated
"102 of 5914 (1.72%)",12503,2289_3285808415,awin,"Petite One Button Jacket","Jacques Vert",http://images.productserve.com/preview/9/2289/15/84/3285808415.jpg,127.20,159.00,http://www.awin1.com/pclick.php?p=3285808415&a=99908&m=2289,Updated
"103 of 5914 (1.74%)",12502,2289_3196541609,awin,"Petite 1 Ribbon Button Jacket","Jacques Vert",http://images.productserve.com/preview/9/2289/09/16/3196541609.jpg,127.20,159.00,http://www.awin1.com/pclick.php?p=3196541609&a=99908&m=2289,Updated
"104 of 5914 (1.76%)",12468,1685_3167381195,awin,"Petite ladies funnel neck check coat  - Black and White",M&Co,http://images.productserve.com/preview/5/1685/95/11/3167381195.jpg,85.00,0.00,http://www.awin1.com/pclick.php?p=3167381195&a=99908&m=1685,Updated
"105 of 5914 (1.78%)",12461,3100_3199458449,awin,"DKNY Tribeca black double zip tote bag, Black","House of Fraser",http://images.productserve.com/preview/0/3100/49/84/3199458449.jpg,250.00,0.00,http://www.awin1.com/pclick.php?p=3199458449&a=99908&m=3100,Updated
"106 of 5914 (1.79%)",12460,3123103269,awin,"Dkny Soft Saffiano Black Medium Tote Bag, Black",,,,,,"Not Found"
"107 of 5914 (1.81%)",12459,3100_3162724789,awin,"DKNY Saffino black tote bag, Black","House of Fraser",http://images.productserve.com/preview/0/3100/89/47/3162724789.jpg,205.00,0.00,http://www.awin1.com/pclick.php?p=3162724789&a=99908&m=3100,Updated
"108 of 5914 (1.83%)",12458,3100_3202937593,awin,"DKNY Saffiano black tote bag, Black","House of Fraser",http://images.productserve.com/preview/0/3100/93/75/3202937593.jpg,205.00,0.00,http://www.awin1.com/pclick.php?p=3202937593&a=99908&m=3100,Updated
"109 of 5914 (1.84%)",12457,3100_3202937597,awin,"DKNY Saffiano black tote bag with pocket, Black","House of Fraser",http://images.productserve.com/preview/0/3100/97/75/3202937597.jpg,219.00,0.00,http://www.awin1.com/pclick.php?p=3202937597&a=99908&m=3100,Updated
"110 of 5914 (1.86%)",12456,3100_3204981753,awin,"DKNY Saffiano black large double zip tote bag, Black","House of Fraser",http://images.productserve.com/preview/0/3100/53/17/3204981753.jpg,245.00,0.00,http://www.awin1.com/pclick.php?p=3204981753&a=99908&m=3100,Updated
"111 of 5914 (1.88%)",12455,3100_3202937581,awin,"DKNY Greenwich black tote bag, Black","House of Fraser",http://images.productserve.com/preview/0/3100/81/75/3202937581.jpg,225.00,0.00,http://www.awin1.com/pclick.php?p=3202937581&a=99908&m=3100,Updated
"112 of 5914 (1.89%)",12454,3100_3162862811,awin,"DKNY Greenwich black large double zip tote bag, Black","House of Fraser",http://images.productserve.com/preview/0/3100/11/28/3162862811.jpg,269.00,0.00,http://www.awin1.com/pclick.php?p=3162862811&a=99908&m=3100,Updated
"113 of 5914 (1.91%)",12453,3100_3163924029,awin,"DKNY Coated logo black large zip top tote bag, Black","House of Fraser",http://images.productserve.com/preview/0/3100/29/40/3163924029.jpg,103.20,129.00,http://www.awin1.com/pclick.php?p=3163924029&a=99908&m=3100,Updated
"114 of 5914 (1.93%)",12452,3118605737,awin,"Dkny Black Tote Bag, Black",,,,,,"Not Found"
"115 of 5914 (1.94%)",12441,110017257590025103636428123396,linkshare,"M & S Collection Bobble Button Cardigan",,,,,,"Not Found"
"116 of 5914 (1.96%)",12440,110016003101286025743912000073,linkshare,"M & S Collection Bobble Button Cardigan",,,,,,"Not Found"
"117 of 5914 (1.98%)",12439,110002623371582824201777522440,linkshare,"Luxury Sartorial Pure Cashmere V-neck Cardigan",,,,,,"Not Found"
"118 of 5914 (2.00%)",12438,110051233639052334513081761153,linkshare,"Limited Edition Chevron Tier Cover-up Cardigan",,,,,,"Not Found"
"119 of 5914 (2.01%)",12437,110066956353548700502019355337,linkshare,"Limited Edition Bouclé Cardigan With Mohair",,,,,,"Not Found"
"120 of 5914 (2.03%)",12436,110052987375357375322423152304,linkshare,"Indigo Collection Pockets Stitched Cardigan With Merino Wool",,,,,,"Not Found"
"121 of 5914 (2.05%)",12435,110069405334860161530091710723,linkshare,"Indigo Collection Patch Pointelle Cardigan With Wool",,,,,,"Not Found"
"122 of 5914 (2.06%)",12434,110082580932205821284111657393,linkshare,"Indigo Collection Open Front Cardigan",,,,,,"Not Found"
"123 of 5914 (2.08%)",12433,110041103592255611201229449522,linkshare,"Indigo Collection Cable Knit Cardigan With Wool",,,,,,"Not Found"
"124 of 5914 (2.10%)",12432,110011626337540978973871882214,linkshare,"Classic Pure Cashmere Pointelle Ribbed Long Cardigan",,,,,,"Not Found"
"125 of 5914 (2.11%)",12431,110095421552126432343540107861,linkshare,"Classic Open Front Cosy Cardigan",,,,,,"Not Found"
"126 of 5914 (2.13%)",12430,110041164149795432400403705288,linkshare,"Classic Linen Blend Open Front Cardigan",,,,,,"Not Found"
"127 of 5914 (2.15%)",12429,110003175038518505495392238128,linkshare,"Classic Embroidered Button-through Cardigan",,,,,,"Not Found"
"128 of 5914 (2.16%)",12428,110048330741772464318405200925,linkshare,"Classic Cashmilon Open Front Cardigan With Wool",,,,,,"Not Found"
"129 of 5914 (2.18%)",12427,110092251035417782533449312214,linkshare,"Classic Cashmilon Button-through Cardigan",,,,,,"Not Found"
"130 of 5914 (2.20%)",12426,110049466056415161043833344486,linkshare,"Classic Button-through Cardigan With Wool",,,,,,"Not Found"
"131 of 5914 (2.22%)",12425,110039258402149934030308178135,linkshare,"Autograph Long Sleeve Ribbed Cardigan",,,,,,"Not Found"
"132 of 5914 (2.23%)",12424,110073225209080815143461340950,linkshare,"Autograph Cashmere Hooded Cardigan With Silk",,,,,,"Not Found"
"133 of 5914 (2.25%)",12423,110058402244312724143354456124,linkshare,"Autograph Button-through Boxy Cardigan",,,,,,"Not Found"
"134 of 5914 (2.27%)",12414,5120_3203163037,awin,"Soft Jacket",Kaliko,http://images.productserve.com/preview/0/5120/37/30/3203163037.jpg,39.00,99.00,http://www.awin1.com/pclick.php?p=3203163037&a=99908&m=5120,Updated
"135 of 5914 (2.28%)",12413,5120_3235585999,awin,"Ottoman Jacket",Kaliko,http://images.productserve.com/preview/0/5120/99/59/3235585999.jpg,103.20,129.00,http://www.awin1.com/pclick.php?p=3235585999&a=99908&m=5120,Updated
"136 of 5914 (2.30%)",12412,5120_3237690583,awin,"Ottoman Bolero Jacket",Kaliko,http://images.productserve.com/preview/0/5120/83/05/3237690583.jpg,69.00,99.00,http://www.awin1.com/pclick.php?p=3237690583&a=99908&m=5120,Updated
"137 of 5914 (2.32%)",12411,5120_3237690585,awin,"Ottoman Bolero Jacket",Kaliko,http://images.productserve.com/preview/0/5120/85/05/3237690585.jpg,69.00,99.00,http://www.awin1.com/pclick.php?p=3237690585&a=99908&m=5120,Updated
"138 of 5914 (2.33%)",12410,5120_3216808491,awin,"Crepe Waist Detail Jacket",Kaliko,http://images.productserve.com/preview/0/5120/91/84/3216808491.jpg,79.00,129.00,http://www.awin1.com/pclick.php?p=3216808491&a=99908&m=5120,Updated
"139 of 5914 (2.35%)",12409,3165741331,awin,"Colarless Leather Jacket",,,,,,"Not Found"
"140 of 5914 (2.37%)",12408,3210178831,awin,"Bow Pocket Satin Jacket",,,,,,"Not Found"
"141 of 5914 (2.38%)",12407,5120_3217894507,awin,"Bow Pocket Satin Jacket",Kaliko,http://images.productserve.com/preview/0/5120/07/45/3217894507.jpg,49.00,129.00,http://www.awin1.com/pclick.php?p=3217894507&a=99908&m=5120,Updated
"142 of 5914 (2.40%)",12406,5120_3217894509,awin,"Bow Pocket Satin Jacket",Kaliko,http://images.productserve.com/preview/0/5120/09/45/3217894509.jpg,49.00,129.00,http://www.awin1.com/pclick.php?p=3217894509&a=99908&m=5120,Updated
"143 of 5914 (2.42%)",12405,5120_3277577099,awin,"Placement Print Maxi Dress",Kaliko,http://images.productserve.com/preview/0/5120/99/70/3277577099.jpg,69.00,119.00,http://www.awin1.com/pclick.php?p=3277577099&a=99908&m=5120,Updated
"144 of 5914 (2.43%)",12404,5120_3285828649,awin,"New Kate Maxi Dress",Kaliko,http://images.productserve.com/preview/0/5120/49/86/3285828649.jpg,69.00,119.00,http://www.awin1.com/pclick.php?p=3285828649&a=99908&m=5120,Updated
"145 of 5914 (2.45%)",12403,5120_3277577103,awin,"New Kate Maxi Dress",Kaliko,http://images.productserve.com/preview/0/5120/03/71/3277577103.jpg,69.00,119.00,http://www.awin1.com/pclick.php?p=3277577103&a=99908&m=5120,Updated
"146 of 5914 (2.47%)",12402,5120_3291952573,awin,"Middleton Pleat Dress",Kaliko,http://images.productserve.com/preview/0/5120/73/25/3291952573.jpg,99.00,179.00,http://www.awin1.com/pclick.php?p=3291952573&a=99908&m=5120,Updated
"147 of 5914 (2.49%)",12401,5120_3272242607,awin,"Jersey Maxi Dress",Kaliko,http://images.productserve.com/preview/0/5120/07/26/3272242607.jpg,69.00,119.00,http://www.awin1.com/pclick.php?p=3272242607&a=99908&m=5120,Updated
"148 of 5914 (2.50%)",12400,5120_3246760521,awin,"Jersey Maxi Dress",Kaliko,http://images.productserve.com/preview/0/5120/21/05/3246760521.jpg,69.00,119.00,http://www.awin1.com/pclick.php?p=3246760521&a=99908&m=5120,Updated
"149 of 5914 (2.52%)",12399,3165741679,awin,"Red Pleated Maxi",,,,,,"Not Found"
"150 of 5914 (2.54%)",12398,5120_3291952575,awin,"Maxi Dress",Kaliko,http://images.productserve.com/preview/0/5120/75/25/3291952575.jpg,95.20,119.00,http://www.awin1.com/pclick.php?p=3291952575&a=99908&m=5120,Updated
"151 of 5914 (2.55%)",12397,5120_3193738279,awin,"Waterfall Soft Maxi Dress",Kaliko,http://images.productserve.com/preview/0/5120/79/82/3193738279.jpg,129.00,179.00,http://www.awin1.com/pclick.php?p=3193738279&a=99908&m=5120,Updated
"152 of 5914 (2.57%)",12396,5120_3193738281,awin,"Waterfall Soft Maxi Dress",Kaliko,http://images.productserve.com/preview/0/5120/81/82/3193738281.jpg,129.00,179.00,http://www.awin1.com/pclick.php?p=3193738281&a=99908&m=5120,Updated
"153 of 5914 (2.59%)",12395,5120_3246760527,awin,"Tiered Lace Dress",Kaliko,http://images.productserve.com/preview/0/5120/27/05/3246760527.jpg,69.00,99.00,http://www.awin1.com/pclick.php?p=3246760527&a=99908&m=5120,Updated
"154 of 5914 (2.60%)",12394,5120_3183417055,awin,"Side Tie Dress",Kaliko,http://images.productserve.com/preview/0/5120/55/70/3183417055.jpg,29.00,89.00,http://www.awin1.com/pclick.php?p=3183417055&a=99908&m=5120,Updated
"155 of 5914 (2.62%)",12393,3169418675,awin,"Plain Wrap Dress",,,,,,"Not Found"
"156 of 5914 (2.64%)",12392,5120_3224743515,awin,"Floating Bodice Lace & Jersey",Kaliko,http://images.productserve.com/preview/0/5120/15/35/3224743515.jpg,69.00,99.00,http://www.awin1.com/pclick.php?p=3224743515&a=99908&m=5120,Updated
"157 of 5914 (2.65%)",12391,3174796131,awin,"Black Wrap Dress",,,,,,"Not Found"
"158 of 5914 (2.67%)",12390,3169418653,awin,"Black Prom Dress",,,,,,"Not Found"
"159 of 5914 (2.69%)",12389,3173399325,awin,"Black Lace Prom Dress",,,,,,"Not Found"
"160 of 5914 (2.71%)",12388,3168409247,awin,"Black Cape Dress",,,,,,"Not Found"
"161 of 5914 (2.72%)",12387,3169418673,awin,"Black Belted Dress",,,,,,"Not Found"
"162 of 5914 (2.74%)",12349,,,"Secret Slimming™ Pleated Front Swimsuit",,,,,,"Not Found"
"163 of 5914 (2.76%)",12340,,,"Ruched Twisted Front Tankini Top",,,,,,"Not Found"
"164 of 5914 (2.77%)",12325,,,"Diamanté Wedge Flip-Flops",,,,,,"Not Found"
"165 of 5914 (2.79%)",12323,,,"Crochet Drawstring Kaftan",,,,,,"Not Found"
"166 of 5914 (2.81%)",12321,,,"Jungle Print Bandeau Tankini Set",,,,,,"Not Found"
"167 of 5914 (2.82%)",12319,,,"Tubular Toe Thong Sandals",,,,,,"Not Found"
"168 of 5914 (2.84%)",12317,,,"Global Print Embellished Neckline Kaftan",,,,,,"Not Found"
"169 of 5914 (2.86%)",12315,,,"Secret Slimming™ Twist Front Ruched Plunge Swimsuit",,,,,,"Not Found"
"170 of 5914 (2.87%)",12313,,,"Skinny Diamanté Flip-Flops",,,,,,"Not Found"
"171 of 5914 (2.89%)",12311,,,"Lace Kaftan",,,,,,"Not Found"
"172 of 5914 (2.91%)",12309,,,"Secret Slimming™ Halterneck Twisted Front Swimsuit",,,,,,"Not Found"
"173 of 5914 (2.93%)",12307,,,"Sporty Slide Sandals",,,,,,"Not Found"
"174 of 5914 (2.94%)",12305,,,"Pure Cotton Shirred Cutwork Fit & Flare Beach Dress",,,,,,"Not Found"
"175 of 5914 (2.96%)",12303,,,"Secret Slimming™ Floral Bandeau Swimsuit",,,,,,"Not Found"
"176 of 5914 (2.98%)",12300,,,"Faux Leather Buckle Across Body Bag",,,,,,"Not Found"
"177 of 5914 (2.99%)",12297,,,"Diamanté Block Heeled Sandals with Insolia",,,,,,"Not Found"
"178 of 5914 (3.01%)",12295,,,"Daisy Jumpsuit",,,,,,"Not Found"
"179 of 5914 (3.03%)",12293,,,"Double Zip Across Body Bag",,,,,,"Not Found"
"180 of 5914 (3.04%)",12290,,,"Leather Pointed Toe Stiletto High Heel Court Shoes with Insolia",,,,,,"Not Found"
"181 of 5914 (3.06%)",12288,,,"Metallic Effect Pleated Skater Dress",,,,,,"Not Found"
"182 of 5914 (3.08%)",12286,,,"Diamanté Box Clutch",,,,,,"Not Found"
"183 of 5914 (3.09%)",12284,,,"Suede Platform High Heel Sandals with Insolia",,,,,,"Not Found"
"184 of 5914 (3.11%)",12282,,,"Bonded Lace Bodycon Dress with Secret Support",,,,,,"Not Found"
"185 of 5914 (3.13%)",12280,,,"Floral Appliqué Embellished Clutch",,,,,,"Not Found"
"186 of 5914 (3.15%)",12278,,,"Leather Clear Heel T-Bar Sandals with Insolia",,,,,,"Not Found"
"187 of 5914 (3.16%)",12276,,,"Twisted Front Floral Maxi Dress",,,,,,"Not Found"
"188 of 5914 (3.18%)",12273,,,"Low Heel Fringed Wedge Loafers",,,,,,"Not Found"
"189 of 5914 (3.20%)",12271,,,"Linen Rich Striped Top",,,,,,"Not Found"
"190 of 5914 (3.21%)",12268,,,"Roma Rise Cropped Jeans",,,,,,"Not Found"
"191 of 5914 (3.23%)",12265,,,"Canvas Lace Up Trainers with Insolia Flex",,,,,,"Not Found"
"192 of 5914 (3.25%)",12261,,,"Round Neck Striped Sweat Top",,,,,,"Not Found"
"193 of 5914 (3.26%)",12259,,,"5 Pocket Denim Jeggings",,,,,,"Not Found"
"194 of 5914 (3.28%)",12257,,,"Low Heel Espadrilles with Insolia Flex",,,,,,"Not Found"
"195 of 5914 (3.30%)",12253,,,"Textured Striped Shell Top",,,,,,"Not Found"
"196 of 5914 (3.31%)",12251,,,"Buttonsafe™ Linen Blend Wide Leg Trousers",,,,,,"Not Found"
"197 of 5914 (3.33%)",12248,,,"Lace Up Trainers",,,,,,"Not Found"
"198 of 5914 (3.35%)",12246,,,"3/4 Sleeve Blouse",,,,,,"Not Found"
"199 of 5914 (3.36%)",12244,,,"Buttonsafe™ Linen Blend Tapered Leg Trousers",,,,,,"Not Found"
"200 of 5914 (3.38%)",12242,,,"Contrast Band Straw Hat",,,,,,"Not Found"
"201 of 5914 (3.40%)",12240,,,"Faux Feather Large Bow Hat",,,,,,"Not Found"
"202 of 5914 (3.42%)",12238,,,"Butterfly Scarf Trim Hat",,,,,,"Not Found"
"203 of 5914 (3.43%)",12231,,,"Floral Corsage Feather & Net Trilby Hat",,,,,,"Not Found"
"204 of 5914 (3.45%)",12229,,,"Feather & Floral Mesh Hat",,,,,,"Not Found"
"205 of 5914 (3.47%)",12227,,,"Feather & Floral Mesh Hat",,,,,,"Not Found"
"206 of 5914 (3.48%)",12225,,,"Bow Feather Hat",,,,,,"Not Found"
"207 of 5914 (3.50%)",12223,,,"Feather & Mesh Lace Swirl Hat",,,,,,"Not Found"
"208 of 5914 (3.52%)",12221,,,"Three Faux Feather Bow Hat",,,,,,"Not Found"
"209 of 5914 (3.53%)",12219,,,"Lace Feather Mesh Hat",,,,,,"Not Found"
"210 of 5914 (3.55%)",12216,,,"Textured Wide Brim Hat",,,,,,"Not Found"
"211 of 5914 (3.57%)",12214,,,"Organza Floral Feather Hat",,,,,,"Not Found"
"212 of 5914 (3.58%)",12212,,,"Big Rose & Mesh Wide Brim Hat",,,,,,"Not Found"
"213 of 5914 (3.60%)",12210,,,"Raffia Floppy Wide Brim Hat",,,,,,"Not Found"
"214 of 5914 (3.62%)",12196,5120_3220669749,awin,"Waist Pleat Detail Jersey Dress",Kaliko,http://images.productserve.com/preview/0/5120/49/97/3220669749.jpg,39.00,99.00,http://www.awin1.com/pclick.php?p=3220669749&a=99908&m=5120,Updated
